"NDC Description",NDC,"NADAC Per Unit","Effective Date","Pricing Unit","Pharmacy Type Indicator",OTC,"Explanation Code","Classification for Rate Setting","Corresponding Generic Drug NADAC Per Unit","Corresponding Generic Drug Effective Date","As of Date"
"DESCOVY 120-15 MG TABLET",61958200501,71.41417,12/17/2025,EA,C/I,N,1,B,,,01/07/2026
"DESCOVY 200-25 MG TABLET",61958200201,71.43152,12/17/2025,EA,C/I,N,1,B,,,01/07/2026
"DESCOVY 200-25 MG TABLET",61958200202,71.43152,12/17/2025,EA,C/I,N,1,B,,,01/07/2026
"DESCOVY 120-15 MG TABLET",61958200501,71.41417,12/17/2025,EA,C/I,N,1,B,,,01/14/2026
"DESCOVY 200-25 MG TABLET",61958200201,71.43152,12/17/2025,EA,C/I,N,1,B,,,01/14/2026
"DESCOVY 200-25 MG TABLET",61958200202,71.43152,12/17/2025,EA,C/I,N,1,B,,,01/14/2026
"DESCOVY 120-15 MG TABLET",61958200501,71.41163,01/21/2026,EA,C/I,N,1,B,,,01/21/2026
"DESCOVY 200-25 MG TABLET",61958200201,71.43452,01/21/2026,EA,C/I,N,1,B,,,01/21/2026
"DESCOVY 200-25 MG TABLET",61958200202,71.43452,01/21/2026,EA,C/I,N,1,B,,,01/21/2026
"DESCOVY 120-15 MG TABLET",61958200501,71.41163,01/21/2026,EA,C/I,N,1,B,,,01/28/2026
"DESCOVY 200-25 MG TABLET",61958200201,71.43452,01/21/2026,EA,C/I,N,1,B,,,01/28/2026
"DESCOVY 200-25 MG TABLET",61958200202,71.43452,01/21/2026,EA,C/I,N,1,B,,,01/28/2026
"DESCOVY 120-15 MG TABLET",61958200501,71.41163,01/21/2026,EA,C/I,N,1,B,,,02/04/2026
"DESCOVY 200-25 MG TABLET",61958200201,71.43452,01/21/2026,EA,C/I,N,1,B,,,02/04/2026
"DESCOVY 200-25 MG TABLET",61958200202,71.43452,01/21/2026,EA,C/I,N,1,B,,,02/04/2026
"DESCOVY 120-15 MG TABLET",61958200501,71.41163,01/21/2026,EA,C/I,N,1,B,,,02/11/2026
"DESCOVY 200-25 MG TABLET",61958200201,71.43452,01/21/2026,EA,C/I,N,1,B,,,02/11/2026
"DESCOVY 200-25 MG TABLET",61958200202,71.43452,01/21/2026,EA,C/I,N,1,B,,,02/11/2026
"DESCOVY 120-15 MG TABLET",61958200501,71.39125,02/18/2026,EA,C/I,N,1,B,,,02/18/2026
"DESCOVY 200-25 MG TABLET",61958200201,71.43158,02/18/2026,EA,C/I,N,1,B,,,02/18/2026
"DESCOVY 200-25 MG TABLET",61958200202,71.43158,02/18/2026,EA,C/I,N,1,B,,,02/18/2026
"DESCOVY 120-15 MG TABLET",61958200501,71.39125,02/18/2026,EA,C/I,N,1,B,,,02/25/2026
"DESCOVY 200-25 MG TABLET",61958200201,71.43158,02/18/2026,EA,C/I,N,1,B,,,02/25/2026
"DESCOVY 200-25 MG TABLET",61958200202,71.43158,02/18/2026,EA,C/I,N,1,B,,,02/25/2026
"DESCOVY 120-15 MG TABLET",61958200501,71.39125,02/18/2026,EA,C/I,N,1,B,,,03/04/2026
"DESCOVY 200-25 MG TABLET",61958200201,71.43158,02/18/2026,EA,C/I,N,1,B,,,03/04/2026
"DESCOVY 200-25 MG TABLET",61958200202,71.43158,02/18/2026,EA,C/I,N,1,B,,,03/04/2026
"DESCOVY 120-15 MG TABLET",61958200501,71.39125,02/18/2026,EA,C/I,N,1,B,,,03/11/2026
"DESCOVY 200-25 MG TABLET",61958200201,71.43158,02/18/2026,EA,C/I,N,1,B,,,03/11/2026
"DESCOVY 200-25 MG TABLET",61958200202,71.43158,02/18/2026,EA,C/I,N,1,B,,,03/11/2026
"DESCOVY 120-15 MG TABLET",61958200501,71.41253,03/18/2026,EA,C/I,N,1,B,,,03/18/2026
"DESCOVY 200-25 MG TABLET",61958200201,71.43760,03/18/2026,EA,C/I,N,1,B,,,03/18/2026
"DESCOVY 200-25 MG TABLET",61958200202,71.43760,03/18/2026,EA,C/I,N,1,B,,,03/18/2026
"DESCOVY 120-15 MG TABLET",61958200501,71.41253,03/18/2026,EA,C/I,N,1,B,,,03/25/2026
"DESCOVY 200-25 MG TABLET",61958200201,71.43760,03/18/2026,EA,C/I,N,1,B,,,03/25/2026
"DESCOVY 200-25 MG TABLET",61958200202,71.43760,03/18/2026,EA,C/I,N,1,B,,,03/25/2026
"DESCOVY 120-15 MG TABLET",61958200501,71.41253,03/18/2026,EA,C/I,N,1,B,,,04/01/2026
"DESCOVY 200-25 MG TABLET",61958200201,71.43760,03/18/2026,EA,C/I,N,1,B,,,04/01/2026
"DESCOVY 200-25 MG TABLET",61958200202,71.43760,03/18/2026,EA,C/I,N,1,B,,,04/01/2026
"DESCOVY 120-15 MG TABLET",61958200501,71.41253,03/18/2026,EA,C/I,N,1,B,,,04/08/2026
"DESCOVY 200-25 MG TABLET",61958200201,71.43760,03/18/2026,EA,C/I,N,1,B,,,04/08/2026
"DESCOVY 200-25 MG TABLET",61958200202,71.43760,03/18/2026,EA,C/I,N,1,B,,,04/08/2026
"DESCOVY 120-15 MG TABLET",61958200501,71.41253,03/18/2026,EA,C/I,N,1,B,,,04/15/2026
"DESCOVY 200-25 MG TABLET",61958200201,71.43760,03/18/2026,EA,C/I,N,1,B,,,04/15/2026
"DESCOVY 200-25 MG TABLET",61958200202,71.43760,03/18/2026,EA,C/I,N,1,B,,,04/15/2026
"DESCOVY 120-15 MG TABLET",61958200501,71.39370,04/22/2026,EA,C/I,N,1,B,,,04/22/2026
"DESCOVY 200-25 MG TABLET",61958200201,71.42746,04/22/2026,EA,C/I,N,1,B,,,04/22/2026
"DESCOVY 200-25 MG TABLET",61958200202,71.42746,04/22/2026,EA,C/I,N,1,B,,,04/22/2026
"DESCOVY 120-15 MG TABLET",61958200501,71.39370,04/22/2026,EA,C/I,N,1,B,,,04/29/2026
"DESCOVY 200-25 MG TABLET",61958200201,71.42746,04/22/2026,EA,C/I,N,1,B,,,04/29/2026
"DESCOVY 200-25 MG TABLET",61958200202,71.42746,04/22/2026,EA,C/I,N,1,B,,,04/29/2026
"DESCOVY 120-15 MG TABLET",61958200501,71.39370,04/22/2026,EA,C/I,N,1,B,,,05/06/2026
"DESCOVY 200-25 MG TABLET",61958200201,71.42746,04/22/2026,EA,C/I,N,1,B,,,05/06/2026
"DESCOVY 200-25 MG TABLET",61958200202,71.42746,04/22/2026,EA,C/I,N,1,B,,,05/06/2026
"DESCOVY 120-15 MG TABLET",61958200501,71.39370,04/22/2026,EA,C/I,N,1,B,,,05/13/2026
"DESCOVY 200-25 MG TABLET",61958200201,71.42746,04/22/2026,EA,C/I,N,1,B,,,05/13/2026
"DESCOVY 200-25 MG TABLET",61958200202,71.42746,04/22/2026,EA,C/I,N,1,B,,,05/13/2026
"DESCOVY 120-15 MG TABLET",61958200501,71.35750,05/20/2026,EA,C/I,N,1,B,,,05/20/2026
"DESCOVY 200-25 MG TABLET",61958200201,71.43834,05/20/2026,EA,C/I,N,1,B,,,05/20/2026
"DESCOVY 200-25 MG TABLET",61958200202,71.43834,05/20/2026,EA,C/I,N,1,B,,,05/20/2026
"DESCOVY 120-15 MG TABLET",61958200501,71.35750,05/20/2026,EA,C/I,N,1,B,,,05/27/2026
"DESCOVY 200-25 MG TABLET",61958200201,71.43834,05/20/2026,EA,C/I,N,1,B,,,05/27/2026
"DESCOVY 200-25 MG TABLET",61958200202,71.43834,05/20/2026,EA,C/I,N,1,B,,,05/27/2026
"DESCOVY 120-15 MG TABLET",61958200501,71.35750,05/20/2026,EA,C/I,N,1,B,,,06/03/2026
"DESCOVY 200-25 MG TABLET",61958200201,71.43834,05/20/2026,EA,C/I,N,1,B,,,06/03/2026
"DESCOVY 200-25 MG TABLET",61958200202,71.43834,05/20/2026,EA,C/I,N,1,B,,,06/03/2026
"DESCOVY 120-15 MG TABLET",61958200501,71.35750,05/20/2026,EA,C/I,N,1,B,,,06/10/2026
"DESCOVY 200-25 MG TABLET",61958200201,71.43834,05/20/2026,EA,C/I,N,1,B,,,06/10/2026
"DESCOVY 200-25 MG TABLET",61958200202,71.43834,05/20/2026,EA,C/I,N,1,B,,,06/10/2026
"DESCOVY 120-15 MG TABLET",61958200501,71.35750,06/17/2026,EA,C/I,N,1,B,,,06/17/2026
"DESCOVY 200-25 MG TABLET",61958200201,71.44086,06/17/2026,EA,C/I,N,1,B,,,06/17/2026
"DESCOVY 200-25 MG TABLET",61958200202,71.44086,06/17/2026,EA,C/I,N,1,B,,,06/17/2026
"DESCOVY 120-15 MG TABLET",61958200501,71.35750,06/17/2026,EA,C/I,N,1,B,,,06/24/2026
"DESCOVY 200-25 MG TABLET",61958200201,71.44086,06/17/2026,EA,C/I,N,1,B,,,06/24/2026
"DESCOVY 200-25 MG TABLET",61958200202,71.44086,06/17/2026,EA,C/I,N,1,B,,,06/24/2026
"DESCOVY 120-15 MG TABLET",61958200501,71.35750,06/17/2026,EA,C/I,N,1,B,,,07/01/2026
"DESCOVY 200-25 MG TABLET",61958200201,71.44086,06/17/2026,EA,C/I,N,1,B,,,07/01/2026
"DESCOVY 200-25 MG TABLET",61958200202,71.44086,06/17/2026,EA,C/I,N,1,B,,,07/01/2026
"DESCOVY 120-15 MG TABLET",61958200501,74.85402,06/29/2026,EA,C/I,N,3,B,,,07/08/2026
"DESCOVY 200-25 MG TABLET",61958200201,74.94147,06/29/2026,EA,C/I,N,3,B,,,07/08/2026
"DESCOVY 200-25 MG TABLET",61958200202,74.94147,06/29/2026,EA,C/I,N,3,B,,,07/08/2026
"DESCOVY 120-15 MG TABLET",61958200501,74.85402,06/29/2026,EA,C/I,N,3,B,,,07/15/2026
"DESCOVY 200-25 MG TABLET",61958200201,74.94147,06/29/2026,EA,C/I,N,3,B,,,07/15/2026
"DESCOVY 200-25 MG TABLET",61958200202,74.94147,06/29/2026,EA,C/I,N,3,B,,,07/15/2026
"DESCOVY 120-15 MG TABLET",61958200501,74.85402,06/29/2026,EA,C/I,N,2,B,,,07/22/2026
"DESCOVY 200-25 MG TABLET",61958200201,74.94147,06/29/2026,EA,C/I,N,2,B,,,07/22/2026
"DESCOVY 200-25 MG TABLET",61958200202,74.94147,06/29/2026,EA,C/I,N,2,B,,,07/22/2026
"DESCOVY 120-15 MG TABLET",61958200501,74.85402,06/29/2026,EA,C/I,N,2,B,,,07/29/2026
"DESCOVY 200-25 MG TABLET",61958200201,74.94147,06/29/2026,EA,C/I,N,2,B,,,07/29/2026
"DESCOVY 200-25 MG TABLET",61958200202,74.94147,06/29/2026,EA,C/I,N,2,B,,,07/29/2026
"DESCOVY 120-15 MG TABLET",61958200501,74.85402,06/29/2026,EA,C/I,N,2,B,,,08/05/2026
"DESCOVY 200-25 MG TABLET",61958200201,74.94147,06/29/2026,EA,C/I,N,2,B,,,08/05/2026
"DESCOVY 200-25 MG TABLET",61958200202,74.94147,06/29/2026,EA,C/I,N,2,B,,,08/05/2026
"DESCOVY 120-15 MG TABLET",61958200501,74.85402,06/29/2026,EA,C/I,N,2,B,,,08/12/2026
"DESCOVY 200-25 MG TABLET",61958200201,74.94147,06/29/2026,EA,C/I,N,2,B,,,08/12/2026
"DESCOVY 200-25 MG TABLET",61958200202,74.94147,06/29/2026,EA,C/I,N,2,B,,,08/12/2026
"DESCOVY 120-15 MG TABLET",61958200501,74.85402,06/29/2026,EA,C/I,N,4,B,,,08/19/2026
"DESCOVY 200-25 MG TABLET",61958200201,74.94147,06/29/2026,EA,C/I,N,4,B,,,08/19/2026
"DESCOVY 200-25 MG TABLET",61958200202,74.94147,06/29/2026,EA,C/I,N,4,B,,,08/19/2026
"DESCOVY 120-15 MG TABLET",61958200501,74.85402,06/29/2026,EA,C/I,N,4,B,,,08/26/2026
"DESCOVY 200-25 MG TABLET",61958200201,74.94147,06/29/2026,EA,C/I,N,4,B,,,08/26/2026
"DESCOVY 200-25 MG TABLET",61958200202,74.94147,06/29/2026,EA,C/I,N,4,B,,,08/26/2026
"DESCOVY 120-15 MG TABLET",61958200501,74.85402,06/29/2026,EA,C/I,N,4,B,,,09/02/2026
"DESCOVY 200-25 MG TABLET",61958200201,74.94147,06/29/2026,EA,C/I,N,4,B,,,09/02/2026
"DESCOVY 200-25 MG TABLET",61958200202,74.94147,06/29/2026,EA,C/I,N,4,B,,,09/02/2026
"DESCOVY 120-15 MG TABLET",61958200501,74.85402,06/29/2026,EA,C/I,N,4,B,,,09/09/2026
"DESCOVY 200-25 MG TABLET",61958200201,74.94147,06/29/2026,EA,C/I,N,4,B,,,09/09/2026
"DESCOVY 200-25 MG TABLET",61958200202,74.94147,06/29/2026,EA,C/I,N,4,B,,,09/09/2026
"DESCOVY 120-15 MG TABLET",61958200501,74.85402,06/29/2026,EA,C/I,N,4,B,,,09/16/2026
"DESCOVY 200-25 MG TABLET",61958200201,74.94147,06/29/2026,EA,C/I,N,4,B,,,09/16/2026
"DESCOVY 200-25 MG TABLET",61958200202,74.94147,06/29/2026,EA,C/I,N,4,B,,,09/16/2026
"DESCOVY 120-15 MG TABLET",61958200501,74.85402,06/29/2026,EA,C/I,N,4,B,,,09/23/2026
"DESCOVY 200-25 MG TABLET",61958200201,74.94147,06/29/2026,EA,C/I,N,2,B,,,09/23/2026
"DESCOVY 200-25 MG TABLET",61958200202,74.94147,06/29/2026,EA,C/I,N,2,B,,,09/23/2026
"DESCOVY 120-15 MG TABLET",61958200501,74.85402,06/29/2026,EA,C/I,N,4,B,,,09/30/2026
"DESCOVY 200-25 MG TABLET",61958200201,74.94147,06/29/2026,EA,C/I,N,2,B,,,09/30/2026
"DESCOVY 200-25 MG TABLET",61958200202,74.94147,06/29/2026,EA,C/I,N,2,B,,,09/30/2026
